202600019,Nguyễn A,Nữ,1992-12-27,2021-12-28,P.B
202636374,Trần B,Nữ,1979-07-22,2000-10-15,P.B
202606932,Đoàn C,Nữ,1979-09-24,2001-01-01,P.B
202639274,Hoàng D,Nữ,1982-08-24,2007-06-22,P.B
202600162,Hà Em,Nữ,1986-05-01,2024-08-01,P.B
202639436,Lê Quốc Vân,Nam,1982-10-20,2007-10-01,P.B
202600320,Lê Lai,Nữ,1991-10-18,2013-07-01,P.B
202631467,Long Nữ,Nữ,1982-08-05,2005-04-05,P.B
202605472,Thủy Triều,Nữ,1982-12-18,2009-12-15,P.B
202600010,Huyền Xính,Nữ,1990-06-16,2014-01-20,P.B
202602287,Linh Mít,Nữ,1983-06-11,2005-12-15,P.B
202602422,Tâm Sư,Nữ,1988-08-24,2010-12-01,P.B
202600743,Tùng Tùng,Nam,1991-11-12,2014-07-17,P.B
202602472,Vũ Bão,Nam,1979-08-10,2002-12-01,P.B
202606037,Hòa không thắng,Nữ,1973-06-18,2003-01-01,P.B
202649167,Oanh Oanh,Nữ,1978-07-15,2008-11-01,P.B
202600612,Cúc Phương,Nữ,1975-05-20,2008-11-01,P.B